geneID,axis,actv,thr95,pval,call,eligible_cells,delta_by_ct,n_cells_by_ct,ase_sig_ct,astu_sig_ct,test_status,n_valid_permutations,n_permutation_attempts,n_invalid_permutations,qualifying_contexts,n_permutations,n_reads_by_ct,min_phasable_frac,pass_phasable_frac,pass_min_actv,gene_n_snvs_called,pass_min_snvs,actv_gene_call,Sample,n_expressing_cells_by_ct,n_phasable_reads_by_ct
ENSG00000099940,ase,0.23858798757966004,0.5509954930232558,0.6511627906976745,False,True,"{""B cells"": -0.024102, ""Monocytes"": 0.157886, ""NK cells"": 0.007996, ""T cells, CD4+"": -0.080702, ""T cells, CD8+"": 0.185034}","{""B cells"": 51, ""Monocytes"": 402, ""NK cells"": 24, ""T cells, CD4+"": 28, ""T cells, CD8+"": 11}",True,False,ok,300,300,0,"[""B cells"", ""Monocytes"", ""NK cells"", ""T cells, CD4+""]",300,"{""B cells"": 70.0, ""Monocytes"": 629.0, ""NK cells"": 34.0, ""T cells, CD4+"": 45.0, ""T cells, CD8+"": 15.0}",0.6888888888888889,True,False,13.0,True,False,scotch_target,"{""B cells"": 65, ""Monocytes"": 539, ""NK cells"": 31, ""T cells, CD4+"": 41, ""T cells, CD8+"": 14}","{""B cells"": 53.0, ""Monocytes"": 449.0, ""NK cells"": 27.0, ""T cells, CD4+"": 31.0, ""T cells, CD8+"": 12.0}"
ENSG00000099940,astu,0.3314916346529835,0.4784258975395737,0.25249169435215946,False,True,"{""B cells"": -0.032331, ""Monocytes"": 0.104103, ""NK cells"": -0.217386, ""T cells, CD4+"": -0.227388, ""T cells, CD8+"": 0.153269}","{""B cells"": 51, ""Monocytes"": 402, ""NK cells"": 24, ""T cells, CD4+"": 28, ""T cells, CD8+"": 11}",True,False,ok,300,300,0,"[""B cells"", ""Monocytes"", ""NK cells"", ""T cells, CD4+""]",300,"{""B cells"": 70.0, ""Monocytes"": 629.0, ""NK cells"": 34.0, ""T cells, CD4+"": 45.0, ""T cells, CD8+"": 15.0}",0.6888888888888889,True,True,13.0,True,False,scotch_target,"{""B cells"": 65, ""Monocytes"": 539, ""NK cells"": 31, ""T cells, CD4+"": 41, ""T cells, CD8+"": 14}","{""B cells"": 53.0, ""Monocytes"": 449.0, ""NK cells"": 27.0, ""T cells, CD4+"": 31.0, ""T cells, CD8+"": 12.0}"
ENSG00000185651,ase,0.3861027231238142,0.5331038096716582,0.21926910299003322,False,True,"{""B cells"": -0.057086, ""Monocytes"": 0.073155, ""NK cells"": -0.150325, ""T cells, CD4+"": -0.312948, ""T cells, CD8+"": -0.190452}","{""B cells"": 205, ""Monocytes"": 331, ""NK cells"": 50, ""T cells, CD4+"": 48, ""T cells, CD8+"": 18}",False,True,ok,300,300,0,"[""B cells"", ""Monocytes"", ""NK cells"", ""T cells, CD4+"", ""T cells, CD8+""]",300,"{""B cells"": 836.0, ""Monocytes"": 2426.0, ""NK cells"": 280.0, ""T cells, CD4+"": 289.0, ""T cells, CD8+"": 119.0}",0.15581203627370158,False,True,19.0,True,False,scotch_target,"{""B cells"": 581, ""Monocytes"": 1469, ""NK cells"": 173, ""T cells, CD4+"": 181, ""T cells, CD8+"": 78}","{""B cells"": 245.0, ""Monocytes"": 378.0, ""NK cells"": 54.0, ""T cells, CD4+"": 55.0, ""T cells, CD8+"": 22.0}"
ENSG00000185651,astu,0.21972282935803222,0.45680451273214145,0.5681063122923588,False,True,"{""B cells"": 0.096988, ""Monocytes"": 0.031374, ""NK cells"": 0.099946, ""T cells, CD4+"": -0.119777, ""T cells, CD8+"": -0.115476}","{""B cells"": 205, ""Monocytes"": 331, ""NK cells"": 50, ""T cells, CD4+"": 48, ""T cells, CD8+"": 18}",False,True,ok,300,300,0,"[""B cells"", ""Monocytes"", ""NK cells"", ""T cells, CD4+"", ""T cells, CD8+""]",300,"{""B cells"": 836.0, ""Monocytes"": 2426.0, ""NK cells"": 280.0, ""T cells, CD4+"": 289.0, ""T cells, CD8+"": 119.0}",0.15581203627370158,False,False,19.0,True,False,scotch_target,"{""B cells"": 581, ""Monocytes"": 1469, ""NK cells"": 173, ""T cells, CD4+"": 181, ""T cells, CD8+"": 78}","{""B cells"": 245.0, ""Monocytes"": 378.0, ""NK cells"": 54.0, ""T cells, CD4+"": 55.0, ""T cells, CD8+"": 22.0}"
ENSG00000100207,ase,0.1507697396706773,0.5431560485201232,0.8803986710963455,False,True,"{""B cells"": -0.03601, ""Monocytes"": 0.00445, ""NK cells"": -0.14632, ""T cells, CD4+"": -0.074024, ""T cells, CD8+"": -0.013543}","{""B cells"": 136, ""Monocytes"": 255, ""NK cells"": 35, ""T cells, CD4+"": 70, ""T cells, CD8+"": 21}",False,False,ok,300,300,0,"[""B cells"", ""Monocytes"", ""NK cells"", ""T cells, CD4+"", ""T cells, CD8+""]",300,"{""B cells"": 382.0, ""Monocytes"": 723.0, ""NK cells"": 109.0, ""T cells, CD4+"": 210.0, ""T cells, CD8+"": 87.0}",0.3103448275862069,False,False,37.0,True,False,scotch_target,"{""B cells"": 281, ""Monocytes"": 546, ""NK cells"": 83, ""T cells, CD4+"": 134, ""T cells, CD8+"": 57}","{""B cells"": 161.0, ""Monocytes"": 294.0, ""NK cells"": 42.0, ""T cells, CD4+"": 88.0, ""T cells, CD8+"": 27.0}"
ENSG00000100207,astu,0.19625178288834527,0.4346832708228922,0.6046511627906976,False,True,"{""B cells"": 0.05454, ""Monocytes"": 0.126562, ""NK cells"": -0.014926, ""T cells, CD4+"": 0.060465, ""T cells, CD8+"": -0.06969}","{""B cells"": 136, ""Monocytes"": 255, ""NK cells"": 35, ""T cells, CD4+"": 70, ""T cells, CD8+"": 21}",False,False,ok,300,300,0,"[""B cells"", ""Monocytes"", ""NK cells"", ""T cells, CD4+"", ""T cells, CD8+""]",300,"{""B cells"": 382.0, ""Monocytes"": 723.0, ""NK cells"": 109.0, ""T cells, CD4+"": 210.0, ""T cells, CD8+"": 87.0}",0.3103448275862069,False,False,37.0,True,False,scotch_target,"{""B cells"": 281, ""Monocytes"": 546, ""NK cells"": 83, ""T cells, CD4+"": 134, ""T cells, CD8+"": 57}","{""B cells"": 161.0, ""Monocytes"": 294.0, ""NK cells"": 42.0, ""T cells, CD4+"": 88.0, ""T cells, CD8+"": 27.0}"
ENSG00000184983,ase,0.329331252262683,0.3145864454999952,0.046511627906976744,True,True,"{""B cells"": -0.020762, ""Monocytes"": 0.049347, ""NK cells"": 0.117939, ""T cells, CD4+"": 0.122352, ""T cells, CD8+"": -0.206979}","{""B cells"": 262, ""Monocytes"": 813, ""NK cells"": 93, ""T cells, CD4+"": 109, ""T cells, CD8+"": 56}",False,False,ok,300,300,0,"[""B cells"", ""Monocytes"", ""NK cells"", ""T cells, CD4+"", ""T cells, CD8+""]",300,"{""B cells"": 355.0, ""Monocytes"": 1158.0, ""NK cells"": 124.0, ""T cells, CD4+"": 158.0, ""T cells, CD8+"": 78.0}",0.8788732394366198,True,True,6.0,True,False,scotch_target,"{""B cells"": 298, ""Monocytes"": 890, ""NK cells"": 100, ""T cells, CD4+"": 114, ""T cells, CD8+"": 59}","{""B cells"": 312.0, ""Monocytes"": 1029.0, ""NK cells"": 115.0, ""T cells, CD4+"": 148.0, ""T cells, CD8+"": 71.0}"
ENSG00000184983,astu,0.22163532812769504,0.26151186642801266,0.12956810631229235,False,True,"{""B cells"": 0.134991, ""Monocytes"": 0.010717, ""NK cells"": -0.022342, ""T cells, CD4+"": 0.05242, ""T cells, CD8+"": 0.199293}","{""B cells"": 262, ""Monocytes"": 813, ""NK cells"": 93, ""T cells, CD4+"": 109, ""T cells, CD8+"": 56}",False,False,ok,300,300,0,"[""B cells"", ""Monocytes"", ""NK cells"", ""T cells, CD4+"", ""T cells, CD8+""]",300,"{""B cells"": 355.0, ""Monocytes"": 1158.0, ""NK cells"": 124.0, ""T cells, CD4+"": 158.0, ""T cells, CD8+"": 78.0}",0.8788732394366198,True,False,6.0,True,False,scotch_target,"{""B cells"": 298, ""Monocytes"": 890, ""NK cells"": 100, ""T cells, CD4+"": 114, ""T cells, CD8+"": 59}","{""B cells"": 312.0, ""Monocytes"": 1029.0, ""NK cells"": 115.0, ""T cells, CD4+"": 148.0, ""T cells, CD8+"": 71.0}"
ENSG00000025770,ase,0.3203915720624939,0.4316082596412193,0.21926910299003322,False,True,"{""B cells"": 0.383954, ""Monocytes"": 0.063562, ""NK cells"": 0.439146, ""T cells, CD4+"": 0.297765, ""T cells, CD8+"": -0.192414}","{""B cells"": 50, ""Monocytes"": 215, ""NK cells"": 17, ""T cells, CD4+"": 32, ""T cells, CD8+"": 10}",True,True,ok,300,300,0,"[""B cells"", ""Monocytes"", ""T cells, CD4+""]",300,"{""B cells"": 144.0, ""Monocytes"": 4125.0, ""NK cells"": 49.0, ""T cells, CD4+"": 64.0, ""T cells, CD8+"": 14.0}",0.05672727272727273,False,True,14.0,True,False,scotch_target,"{""B cells"": 133, ""Monocytes"": 1789, ""NK cells"": 43, ""T cells, CD4+"": 51, ""T cells, CD8+"": 14}","{""B cells"": 51.0, ""Monocytes"": 234.0, ""NK cells"": 17.0, ""T cells, CD4+"": 37.0, ""T cells, CD8+"": 10.0}"
ENSG00000025770,astu,0.24591779731663846,0.4461840930615063,0.3588039867109635,False,True,"{""B cells"": 0.021347, ""Monocytes"": -0.064081, ""NK cells"": -0.128017, ""T cells, CD4+"": -0.22457, ""T cells, CD8+"": -0.224439}","{""B cells"": 50, ""Monocytes"": 215, ""NK cells"": 17, ""T cells, CD4+"": 32, ""T cells, CD8+"": 10}",True,True,ok,300,300,0,"[""B cells"", ""Monocytes"", ""T cells, CD4+""]",300,"{""B cells"": 144.0, ""Monocytes"": 4125.0, ""NK cells"": 49.0, ""T cells, CD4+"": 64.0, ""T cells, CD8+"": 14.0}",0.05672727272727273,False,False,14.0,True,False,scotch_target,"{""B cells"": 133, ""Monocytes"": 1789, ""NK cells"": 43, ""T cells, CD4+"": 51, ""T cells, CD8+"": 14}","{""B cells"": 51.0, ""Monocytes"": 234.0, ""NK cells"": 17.0, ""T cells, CD4+"": 37.0, ""T cells, CD8+"": 10.0}"
ENSG00000128294,ase,0.4220843602332778,0.4930445547198403,0.11295681063122924,False,True,"{""B cells"": -0.11569, ""Monocytes"": -0.006085, ""NK cells"": -0.02604, ""T cells, CD4+"": 0.306395, ""T cells, CD8+"": -0.400705}","{""B cells"": 47, ""Monocytes"": 520, ""NK cells"": 93, ""T cells, CD4+"": 18, ""T cells, CD8+"": 8}",False,False,ok,300,300,0,"[""B cells"", ""Monocytes"", ""NK cells"", ""T cells, CD4+""]",300,"{""B cells"": 81.0, ""Monocytes"": 1138.0, ""NK cells"": 178.0, ""T cells, CD4+"": 28.0, ""T cells, CD8+"": 19.0}",0.5606326889279437,False,True,45.0,True,False,scotch_target,"{""B cells"": 72, ""Monocytes"": 826, ""NK cells"": 126, ""T cells, CD4+"": 22, ""T cells, CD8+"": 16}","{""B cells"": 50.0, ""Monocytes"": 638.0, ""NK cells"": 113.0, ""T cells, CD4+"": 22.0, ""T cells, CD8+"": 9.0}"
ENSG00000128294,astu,0.24173646251073128,0.3834921633714996,0.3289036544850498,False,True,"{""B cells"": 0.145813, ""Monocytes"": 0.034788, ""NK cells"": 0.06276, ""T cells, CD4+"": 0.276524, ""T cells, CD8+"": 0.0}","{""B cells"": 47, ""Monocytes"": 520, ""NK cells"": 93, ""T cells, CD4+"": 18, ""T cells, CD8+"": 8}",False,False,ok,300,300,0,"[""B cells"", ""Monocytes"", ""NK cells"", ""T cells, CD4+""]",300,"{""B cells"": 81.0, ""Monocytes"": 1138.0, ""NK cells"": 178.0, ""T cells, CD4+"": 28.0, ""T cells, CD8+"": 19.0}",0.5606326889279437,False,False,45.0,True,False,scotch_target,"{""B cells"": 72, ""Monocytes"": 826, ""NK cells"": 126, ""T cells, CD4+"": 22, ""T cells, CD8+"": 16}","{""B cells"": 50.0, ""Monocytes"": 638.0, ""NK cells"": 113.0, ""T cells, CD4+"": 22.0, ""T cells, CD8+"": 9.0}"
ENSG00000239713,ase,0.5057379111347926,0.46179610173639074,0.03322259136212625,True,True,"{""B cells"": 0.088171, ""Monocytes"": 0.265479, ""NK cells"": 0.368151, ""T cells, CD4+"": 0.593909, ""T cells, CD8+"": -0.003111}","{""B cells"": 54, ""Monocytes"": 101, ""NK cells"": 74, ""T cells, CD4+"": 29, ""T cells, CD8+"": 4}",True,True,ok,300,300,0,"[""B cells"", ""Monocytes"", ""NK cells"", ""T cells, CD4+""]",300,"{""B cells"": 101.0, ""Monocytes"": 175.0, ""NK cells"": 137.0, ""T cells, CD4+"": 41.0, ""T cells, CD8+"": 9.0}",0.5643564356435643,False,True,5.0,True,False,scotch_target,"{""B cells"": 92, ""Monocytes"": 159, ""NK cells"": 98, ""T cells, CD4+"": 34, ""T cells, CD8+"": 8}","{""B cells"": 57.0, ""Monocytes"": 107.0, ""NK cells"": 92.0, ""T cells, CD4+"": 32.0, ""T cells, CD8+"": 4.0}"
ENSG00000239713,astu,0.47524629255887474,0.48158990811970404,0.06976744186046512,False,True,"{""B cells"": -0.046607, ""Monocytes"": -0.024386, ""NK cells"": 0.355042, ""T cells, CD4+"": -0.120204, ""T cells, CD8+"": 0.0}","{""B cells"": 54, ""Monocytes"": 101, ""NK cells"": 74, ""T cells, CD4+"": 29, ""T cells, CD8+"": 4}",True,True,ok,300,300,0,"[""B cells"", ""Monocytes"", ""NK cells"", ""T cells, CD4+""]",300,"{""B cells"": 101.0, ""Monocytes"": 175.0, ""NK cells"": 137.0, ""T cells, CD4+"": 41.0, ""T cells, CD8+"": 9.0}",0.5643564356435643,False,True,5.0,True,False,scotch_target,"{""B cells"": 92, ""Monocytes"": 159, ""NK cells"": 98, ""T cells, CD4+"": 34, ""T cells, CD8+"": 8}","{""B cells"": 57.0, ""Monocytes"": 107.0, ""NK cells"": 92.0, ""T cells, CD4+"": 32.0, ""T cells, CD8+"": 4.0}"
ENSG00000198089,ase,0.23562068566563055,0.3476484359965486,0.4119601328903654,False,True,"{""B cells"": 0.170022, ""Monocytes"": 0.154719, ""NK cells"": 0.15869, ""T cells, CD4+"": 0.058748, ""T cells, CD8+"": -0.065599}","{""B cells"": 102, ""Monocytes"": 122, ""NK cells"": 60, ""T cells, CD4+"": 98, ""T cells, CD8+"": 56}",False,False,ok,300,300,0,"[""B cells"", ""Monocytes"", ""NK cells"", ""T cells, CD4+"", ""T cells, CD8+""]",300,"{""B cells"": 259.0, ""Monocytes"": 274.0, ""NK cells"": 121.0, ""T cells, CD4+"": 242.0, ""T cells, CD8+"": 136.0}",0.4864864864864865,False,False,42.0,True,False,scotch_target,"{""B cells"": 197, ""Monocytes"": 222, ""NK cells"": 87, ""T cells, CD4+"": 143, ""T cells, CD8+"": 77}","{""B cells"": 126.0, ""Monocytes"": 136.0, ""NK cells"": 76.0, ""T cells, CD4+"": 134.0, ""T cells, CD8+"": 74.0}"
ENSG00000198089,astu,0.1280461356819566,0.31981234004243536,0.813953488372093,False,True,"{""B cells"": -0.087918, ""Monocytes"": 0.040128, ""NK cells"": -0.084708, ""T cells, CD4+"": -0.050841, ""T cells, CD8+"": -0.083607}","{""B cells"": 102, ""Monocytes"": 122, ""NK cells"": 60, ""T cells, CD4+"": 98, ""T cells, CD8+"": 56}",False,False,ok,300,300,0,"[""B cells"", ""Monocytes"", ""NK cells"", ""T cells, CD4+"", ""T cells, CD8+""]",300,"{""B cells"": 259.0, ""Monocytes"": 274.0, ""NK cells"": 121.0, ""T cells, CD4+"": 242.0, ""T cells, CD8+"": 136.0}",0.4864864864864865,False,False,42.0,True,False,scotch_target,"{""B cells"": 197, ""Monocytes"": 222, ""NK cells"": 87, ""T cells, CD4+"": 143, ""T cells, CD8+"": 77}","{""B cells"": 126.0, ""Monocytes"": 136.0, ""NK cells"": 76.0, ""T cells, CD4+"": 134.0, ""T cells, CD8+"": 74.0}"
ENSG00000100347,ase,0.33355141874840455,0.5429327725617623,0.3754152823920266,False,True,"{""B cells"": -0.046897, ""Monocytes"": 0.039722, ""NK cells"": 0.096907, ""T cells, CD4+"": 0.286655, ""T cells, CD8+"": 0.312208}","{""B cells"": 39, ""Monocytes"": 178, ""NK cells"": 24, ""T cells, CD4+"": 34, ""T cells, CD8+"": 8}",False,False,ok,300,300,0,"[""B cells"", ""Monocytes"", ""NK cells"", ""T cells, CD4+""]",300,"{""B cells"": 54.0, ""Monocytes"": 233.0, ""NK cells"": 40.0, ""T cells, CD4+"": 53.0, ""T cells, CD8+"": 14.0}",0.7,True,True,7.0,True,False,scotch_target,"{""B cells"": 51, ""Monocytes"": 216, ""NK cells"": 36, ""T cells, CD4+"": 46, ""T cells, CD8+"": 12}","{""B cells"": 40.0, ""Monocytes"": 190.0, ""NK cells"": 28.0, ""T cells, CD4+"": 39.0, ""T cells, CD8+"": 10.0}"
ENSG00000100347,astu,0.2801004277498864,0.5684719075995996,0.5116279069767442,False,True,"{""B cells"": -0.032849, ""Monocytes"": -0.011932, ""NK cells"": 0.247251, ""T cells, CD4+"": 0.2054, ""T cells, CD8+"": 0.318978}","{""B cells"": 39, ""Monocytes"": 178, ""NK cells"": 24, ""T cells, CD4+"": 34, ""T cells, CD8+"": 8}",False,False,ok,300,300,0,"[""B cells"", ""Monocytes"", ""NK cells"", ""T cells, CD4+""]",300,"{""B cells"": 54.0, ""Monocytes"": 233.0, ""NK cells"": 40.0, ""T cells, CD4+"": 53.0, ""T cells, CD8+"": 14.0}",0.7,True,False,7.0,True,False,scotch_target,"{""B cells"": 51, ""Monocytes"": 216, ""NK cells"": 36, ""T cells, CD4+"": 46, ""T cells, CD8+"": 12}","{""B cells"": 40.0, ""Monocytes"": 190.0, ""NK cells"": 28.0, ""T cells, CD4+"": 39.0, ""T cells, CD8+"": 10.0}"
ENSG00000198832,ase,0.16570576956898986,0.35632044206454994,0.6411960132890365,False,True,"{""B cells"": -0.735836, ""Monocytes"": -0.667251, ""NK cells"": -0.441905, ""T cells, CD4+"": -0.775467, ""T cells, CD8+"": -0.609761}","{""B cells"": 37, ""Monocytes"": 69, ""NK cells"": 13, ""T cells, CD4+"": 60, ""T cells, CD8+"": 39}",True,True,ok,300,300,0,"[""B cells"", ""Monocytes"", ""T cells, CD4+"", ""T cells, CD8+""]",300,"{""B cells"": 40.0, ""Monocytes"": 77.0, ""NK cells"": 14.0, ""T cells, CD4+"": 71.0, ""T cells, CD8+"": 47.0}",0.922077922077922,True,False,6.0,True,False,scotch_target,"{""B cells"": 38, ""Monocytes"": 75, ""NK cells"": 13, ""T cells, CD4+"": 61, ""T cells, CD8+"": 41}","{""B cells"": 38.0, ""Monocytes"": 71.0, ""NK cells"": 14.0, ""T cells, CD4+"": 69.0, ""T cells, CD8+"": 45.0}"
ENSG00000198832,astu,0.27649894730560504,0.653904628518941,0.6877076411960132,False,True,"{""B cells"": -0.552593, ""Monocytes"": -0.525652, ""NK cells"": -0.412146, ""T cells, CD4+"": -0.386702, ""T cells, CD8+"": -0.663201}","{""B cells"": 37, ""Monocytes"": 69, ""NK cells"": 13, ""T cells, CD4+"": 60, ""T cells, CD8+"": 39}",True,True,ok,300,300,0,"[""B cells"", ""Monocytes"", ""T cells, CD4+"", ""T cells, CD8+""]",300,"{""B cells"": 40.0, ""Monocytes"": 77.0, ""NK cells"": 14.0, ""T cells, CD4+"": 71.0, ""T cells, CD8+"": 47.0}",0.922077922077922,True,False,6.0,True,False,scotch_target,"{""B cells"": 38, ""Monocytes"": 75, ""NK cells"": 13, ""T cells, CD4+"": 61, ""T cells, CD8+"": 41}","{""B cells"": 38.0, ""Monocytes"": 71.0, ""NK cells"": 14.0, ""T cells, CD4+"": 69.0, ""T cells, CD8+"": 45.0}"
