,geneID,geneName,n_reads,n_reads_phasable,n_snvs,alpha_hat,alpha_hat_low,alpha_hat_high,alpha_hat_block_low,alpha_hat_block_high,major_hap,ll_alt,ll_null,lrt_stat,p_value,n_phase_blocks,p_value_orient_min,n_orientations,snv_region_label,n_candidates_exonic,n_candidates_intronic,n_markers_exonic,n_markers_intronic,em_rerun_exonic,chi2_isoform,df_isoform,p_value_isoform,p_value_isoform_low,p_value_isoform_high,p_value_isoform_orient_min,CellType,p_value_gene_adj,p_value_isoform_adj,p_value_isoform_adj_high,p_value_isoform_adj_low
0,ENSG00000239713,APOBEC3G,101,57,7,0.4763740977442962,0.2589343055864567,0.7044883521923256,0.4588134186707391,0.4763740977442963,A,-83.01492678339228,-83.07174728983456,0.1136410128845568,0.7360363710615508,2,,,exonic,1,6,1,4,0,28.203339727115175,6.0,8.602856400488301e-05,8.602856400488301e-05,0.0001161664112148,,B cells,0.8004102229591945,0.0002867618800162767,0.001161664112148,0.00012289794857840431
1,ENSG00000239713,APOBEC3G,590,390,7,0.3136605901908301,0.1937824349226147,0.546318017244786,0.2931580425752375,0.3136605901908299,A,-399.4898164817228,-425.22758750275995,51.47554204207427,7.249463873607342e-13,2,7.924408965579687e-16,2.0,exonic,1,6,1,4,0,,,2.1605149164749547e-31,1.0591556431741132e-35,9.323538865675435e-27,1.0591556431741132e-35,Bulk,2.1748391620822027e-12,1.2963089498849728e-30,5.594123319405262e-26,3.1774669295223396e-35
2,ENSG00000239713,APOBEC3G,175,107,7,0.3708422650205198,0.1982044026739297,0.6153149848982608,0.3241660791396044,0.3708422650205198,A,-113.70544632773137,-117.11410150884213,6.817310362221548,0.0090278431531407,2,,,exonic,1,6,1,4,0,45.39615652346668,5.0,1.205228632590628e-08,1.205228632590628e-08,1.7542350103341747e-08,,Monocytes,0.030092810510469,6.02614316295314e-08,1.7542350103341745e-07,2.0087143876510467e-08
3,ENSG00000239713,APOBEC3G,137,92,7,0.3162188281076322,0.2123513298241033,0.5408217972012614,0.3162188281076323,0.3162237632236176,A,-100.59102287755536,-106.4977446270176,11.813443498924473,0.0005880457191721,2,,,exonic,1,6,1,4,0,41.247196329761074,4.0,2.3889831258346392e-08,2.0868752341863704e-14,0.0113708935552725,,NK cells,0.005880457191720999,2.388983125834639e-07,0.11370893555272499,1.0434376170931852e-13
4,ENSG00000239713,APOBEC3G,41,32,7,0.1969599986027382,0.129400562815494,0.3732370720801859,0.1657944711073519,0.1969599986027382,A,-18.69019114554579,-24.655721379778377,11.931060468465176,0.0005520574308598,2,,,exonic,1,6,1,4,0,13.02144720079464,4.0,0.0111714731768824,0.0008372254146152,0.0956818168903426,,"T cells, CD4+",0.002760287154299,0.03723824392294134,0.2922232571027065,0.0016744508292304
5,ENSG00000239713,APOBEC3G,9,4,7,0.496551869324333,0.1126488830354352,0.7762452752552592,0.2534599868297292,0.496551869324333,B,-3.1202313993459088,-3.1203252589196575,0.0001877191474974,0.9890684747889849,2,,,exonic,1,6,1,4,0,2.971613232728348,2.0,0.226319713846752,0.1576273592520795,0.7252185989293468,,"T cells, CD8+",0.9890684747889849,0.452639427693504,0.99369898272992,0.2627122654201325
6,ENSG00000025770,NCAPH2,144,51,19,0.3004314442829174,0.1064028031835333,0.752278905549007,0.3004314442829173,0.3005522039030786,A,-50.24895523377698,-54.199932295780314,7.901954124006664,0.0049381421311463,2,,,exonic,7,12,6,8,0,18.33089937203999,6.0,0.0054563408635815,1.5692364954535527e-05,0.3364103533157966,,B cells,0.024690710655731498,0.01364085215895375,0.5718011457424989,2.6153941590892545e-05
7,ENSG00000025770,NCAPH2,4631,401,19,0.4413992045049709,0.0382209201050514,0.952300571418116,0.441399204504971,0.4491370230356474,A,-396.4393103034044,-399.2575416108639,5.636462614918969,0.0175906635084344,2,0.0087580945529056,2.0,exonic,7,12,6,8,0,,,1.246071596240385e-13,0.0,0.9060841222899412,4.3646577945184024e-14,Bulk,0.026385995262651604,2.49214319248077e-13,1.0,0.0
8,ENSG00000025770,NCAPH2,4125,234,19,0.4690584121857321,0.0266084044730815,0.9701126512010508,0.4690584121857322,0.473139684633907,A,-218.52099174221763,-218.95687775900575,0.8717720335762351,0.3504652015771481,2,,,exonic,7,12,6,8,0,28.552678155017116,3.0,2.7804152043943703e-06,0.0,0.9867444557231622,,Monocytes,0.5006645736816402,6.951038010985926e-06,1.0,0.0
9,ENSG00000025770,NCAPH2,49,17,19,0.269950563311093,0.0732500071449077,0.7467175423732364,0.2111323735353222,0.2699505633110929,A,-14.961592554070291,-16.713613463428565,3.504041818716548,0.0612192491544972,2,,,exonic,7,12,6,8,0,5.766017439238532,6.0,0.4499048541335299,0.0403031714993012,0.8600315724508549,,NK cells,0.306096245772486,0.6427212201907571,1.0,0.0806063429986024
10,ENSG00000025770,NCAPH2,64,37,19,0.3502915506341122,0.2025123027103461,0.6712615205091378,0.3502915506341122,0.4313712787185085,A,-36.82267170176657,-38.49175853356027,3.3381736635873978,0.0676897027612364,2,,,exonic,7,12,6,8,0,9.378126664464382,6.0,0.15340254015563,0.0269136592148222,0.7294333202865748,,"T cells, CD4+",0.1353794055224728,0.21914648593661432,0.9117916503582185,0.0269136592148222
11,ENSG00000025770,NCAPH2,14,10,19,0.3587580050114831,0.2562557178653451,0.5419700035796308,0.3587580050114831,0.3587580050114831,B,-14.27114525559384,-14.592123398242702,0.6419562852977236,0.4230032845167742,2,,,exonic,7,12,6,8,0,3.002332051800079,5.0,0.6996262794172685,0.4252577055529858,0.8995364778670514,,"T cells, CD8+",0.653577411156861,0.7104849813070768,0.99369898272992,0.4725085617255398
12,ENSG00000184983,NDUFA6,355,312,8,0.4885458537140134,0.4293698770669639,0.5568500834019945,0.4885458537140134,0.4957749346400899,B,-257.6449933960539,-257.72371398486564,0.1574411776234683,0.6915233723921324,2,,,exonic,2,6,2,4,0,8.3549911484832,2.0,0.0153368695604723,3.089637698977403e-06,0.1690454942028878,,B cells,0.8004102229591945,0.0306737391209446,0.4226137355072195,6.2108195110638265e-06
13,ENSG00000184983,NDUFA6,2153,1926,8,0.4856994563689467,0.4314177764310638,0.5399243627341344,0.4822650429159296,0.4856994563689467,A,-1495.4655529903546,-1496.229637312574,1.5281686444391198,0.2163875067633902,2,0.1212685760536413,2.0,exonic,2,6,2,4,0,,,0.1536317688334444,7.094309356789075e-21,1.0,0.041267608087073,Bulk,0.2163875067633902,0.2304476532501666,1.0,8.51317122814689e-21
14,ENSG00000184983,NDUFA6,1158,1029,8,0.4749596237449891,0.4193032089862045,0.5334485775765059,0.4718689174013847,0.4749596237449891,A,-787.892660741961,-789.1382258935082,2.491130303094451,0.1144894744270902,2,,,exonic,2,6,2,4,0,0.2210912561648653,1.0,0.6382096909733255,1.4248134864824318e-11,0.9999999999999978,,Monocytes,0.21856974399892634,0.6382096909733255,1.0,2.8496269729648635e-11
15,ENSG00000184983,NDUFA6,124,115,8,0.4391646692711848,0.3911061724391829,0.4798704594047279,0.4217144815865972,0.4391646692711847,A,-88.6852617378491,-89.50436131332808,1.638199150957945,0.2005727309432376,2,,,exonic,2,6,2,4,0,0.0718729512061949,1.0,0.7886290336778007,0.194243329278659,1.0,,NK cells,0.4011454618864752,0.7886290336778007,1.0,0.24280416159832374
16,ENSG00000184983,NDUFA6,158,148,8,0.436896945574504,0.4092452401583962,0.4780150876247656,0.4368969455745041,0.4427458367886011,A,-112.61442740841264,-113.74933874574144,2.269822674657604,0.1319149951505099,2,,,exonic,2,6,2,4,0,0.7913622366426141,1.0,0.3736885326818898,0.0150374010586376,0.9999999999999996,,"T cells, CD4+",0.18844999307215698,0.3736885326818898,0.9999999999999996,0.018430623126158556
17,ENSG00000184983,NDUFA6,78,71,8,0.3949192879251371,0.359477813367753,0.4869612340939889,0.3949192879251371,0.436379947314523,B,-56.13384828934427,-57.69300794427455,3.118319309860553,0.0774165944728501,2,,,exonic,2,6,2,4,0,4.48685941142052,2.0,0.1060940084530507,0.0033268717027474,0.2135669028708232,,"T cells, CD8+",0.3870829723642505,0.2652350211326267,0.7118896762360774,0.0083171792568685
18,ENSG00000100347,SAMM50,54,40,11,0.4718948497590846,0.3495517405622849,0.6088109998215442,0.4718948497590846,0.4718948497590846,B,-61.18573430890386,-61.24471773195239,0.1179668460970617,0.7312501564130264,1,,,exonic,5,6,4,3,0,0.0474994005499759,2.0,0.9765301043872732,0.1760717879337061,0.9765301043872732,,B cells,0.8004102229591945,0.9765301043872732,1.0,0.1956353199263401
19,ENSG00000100347,SAMM50,453,358,11,0.4597987434574625,0.3633729584056768,0.5730859826882375,0.4597987434574625,0.4597987434574625,A,-515.3529208482406,-516.4462807975717,2.1867198986622043,0.1392054859803549,1,0.1392054859803549,1.0,exonic,5,6,4,3,0,0.906156494884466,3.0,0.8239418565956399,3.755548909325882e-10,1.0,0.8239418565956399,Bulk,0.16704658317642587,0.8239418565956399,1.0,3.755548909325882e-10
20,ENSG00000100347,SAMM50,233,190,11,0.4813718469399431,0.3925349824832155,0.5770843387063915,0.4813718469399431,0.4813718469399431,A,-256.4022009897592,-256.5276407422063,0.2508795048942147,0.6164564707924899,1,,,exonic,5,6,4,3,0,2.514482203689375,3.0,0.4726795094409545,5.3376121521573105e-06,0.9839439381588644,,Monocytes,0.7705705884906123,0.590849386801193,1.0,6.672015190196638e-06
21,ENSG00000100347,SAMM50,40,28,11,0.4509362059050487,0.315655344133534,0.6156553441335341,0.4509362059050487,0.4509362059050487,A,-55.16249892821275,-55.287834120440635,0.2506703844557734,0.6166034342628826,1,,,exonic,5,6,4,3,0,2.0676191799247805,2.0,0.3556494977657298,0.0080355044216253,0.6324058099400063,,NK cells,0.7707542928286032,0.592749162942883,1.0,0.020088761054063247
22,ENSG00000100347,SAMM50,53,39,11,0.34326540836745,0.2525915269118972,0.5167424703081236,0.34326540836745,0.34326540836745,A,-61.68859783869048,-63.41224537368071,3.44729506998047,0.0633553740157061,1,,,exonic,5,6,4,3,0,10.478674716620574,4.0,0.0330920113673666,0.0004132356940437,0.1168893028410826,,"T cells, CD4+",0.1353794055224728,0.082572556623487,0.2922232571027065,0.0010330892351092498
23,ENSG00000100347,SAMM50,14,10,11,0.3311535071189376,0.2365382193706696,0.5222525050849555,0.3311535071189376,0.3311535071189376,A,-11.42939903800822,-11.953715563989158,1.0486330519618754,0.3058221174135331,1,,,exonic,5,6,4,3,0,4.549400383420232,5.0,0.4733011680333944,0.2879456574027381,0.6067220508282247,,"T cells, CD8+",0.653577411156861,0.676144525761992,0.99369898272992,0.3782081431448016
24,ENSG00000198832,SELENOM,40,38,8,0.1319205165935926,0.125324490763913,0.175324490763913,0.1319205165935926,0.1319205165935926,B,-62.25995778168552,-73.68722158607282,22.854527608774603,1.7473722316947726e-06,1,,,exonic,8,0,6,0,0,26.823583233794157,3.0,6.410630673101577e-06,3.1054097555319133e-06,0.000473410673931,,B cells,1.7473722316947723e-05,3.205315336550788e-05,0.002367053369655,6.2108195110638265e-06
25,ENSG00000198832,SELENOM,258,243,8,0.1533544472927465,0.1444384910547962,0.2025780259385171,0.1533544472927465,0.1533544472927465,B,-429.93256371065695,-490.89227850153816,121.91942958176242,2.4040525343798713e-28,1,2.4040525343798713e-28,1.0,exonic,8,0,6,0,0,108.58427408418144,4.0,1.4584375841971089e-22,6.369590681722859e-24,1.9849904835026815e-16,1.4584375841971089e-22,Bulk,1.4424315206279229e-27,4.375312752591327e-22,5.954971450508045e-16,9.55438602258429e-24
26,ENSG00000198832,SELENOM,77,71,8,0.1672000557294928,0.1541714799583635,0.2320935578804414,0.1672000557294928,0.1672000557294928,B,-124.42084065379572,-140.92157631587838,33.00147132416535,9.208915513385032e-09,1,,,exonic,8,0,6,0,0,29.513986586298977,3.0,1.746240679753312e-06,4.3540271981785924e-07,0.0003081121958237,,Monocytes,9.208915513385032e-08,5.8208022658443736e-06,0.0015405609791184999,6.220038854540847e-07
27,ENSG00000198832,SELENOM,14,14,8,0.2826262885794364,0.2826262885794364,0.2826262885794364,0.2826262885794364,0.2826262885794364,B,-33.67356200395136,-35.025935037347715,2.7047460667927083,0.1000500114459828,1,,,exonic,8,0,6,0,0,6.148595479619943,3.0,0.1046003384281287,0.1046003384281287,0.1046003384281287,,NK cells,0.333500038153276,0.5230016921406435,0.5230016921406435,0.14942905489732672
28,ENSG00000198832,SELENOM,71,69,8,0.1100595540140585,0.106959284886902,0.135128298971409,0.1100595540140585,0.1100595540140585,B,-122.18453775579312,-145.27591281329836,46.18275011501049,1.0772123188531588e-11,1,,,exonic,8,0,6,0,0,43.00097742547106,4.0,1.0343043351283091e-08,5.532429729437437e-09,4.540794174692196e-07,,"T cells, CD4+",1.0772123188531587e-10,1.0343043351283091e-07,4.540794174692196e-06,2.7662148647187184e-08
29,ENSG00000198832,SELENOM,47,45,8,0.2020208060229822,0.1934241759794511,0.2359773674688128,0.2020208060229822,0.2020208060229822,B,-77.25159094795914,-84.96264945033042,15.422117004742546,8.597612301696581e-05,1,,,exonic,8,0,6,0,0,23.280996113008467,4.0,0.0001112653949011,6.371926835709917e-05,0.0012199386809084,,"T cells, CD8+",0.0008597612301696581,0.001112653949011,0.012199386809083999,0.00031859634178549583
30,ENSG00000198089,SFI1,259,126,57,0.4125395269569816,0.1645772840982402,0.7780274976010466,0.3382977506463828,0.5437231895132624,A,-157.26711349262197,-159.01473249334057,3.495238001437201,0.061545561039427,12,,,exonic,8,49,6,36,0,4.311652160699772,3.0,0.2297184160157376,5.187849178114203e-08,0.8966439698780302,,B cells,0.20515187013142336,0.328169165736768,1.0,1.729283059371401e-07
31,ENSG00000198089,SFI1,1220,655,57,0.4418745860402826,0.2251268661472452,0.7382481664452991,0.4193202697704414,0.512462233684374,A,,-889.0589855481747,,,12,,0.0,exonic,8,49,6,36,0,,,,,,,Bulk,,,,
32,ENSG00000198089,SFI1,274,136,57,0.4212155762103182,0.1841744970608851,0.7516914238873869,0.3710574426079597,0.4997312510672353,A,-185.86105536095823,-187.4143949352251,3.106679148533715,0.0779717887943994,12,,,exonic,8,49,6,36,0,7.7343107246650735,5.0,0.1714989680356221,0.1714989680356221,0.5779524794851434,,Monocytes,0.19492947198599847,0.24499852576517442,1.0,0.1714989680356221
33,ENSG00000198089,SFI1,121,76,57,0.4176727696187731,0.2277103844306123,0.704832708267292,0.3625389015276854,0.5300626013202939,A,-110.48056977306412,-111.387845960118,1.8145523741077625,0.1779630933003451,12,,,exonic,8,49,6,36,0,8.17255012620597,7.0,0.3176249275964167,0.3176249275964167,0.333491765451273,,NK cells,0.4011454618864752,0.592749162942883,1.0,0.3529165862182408
34,ENSG00000198089,SFI1,242,134,57,0.4735289984627666,0.2219381993213885,0.7611063723302257,0.4008137629535524,0.5685652395814523,A,-194.58013687457913,-194.7515215723016,0.3427693954449751,0.5582350197318513,12,,,exonic,8,49,6,36,0,14.936494532821568,5.0,0.0106371614557194,0.0106371614557194,0.0253265683887846,,"T cells, CD4+",0.5739526959302037,0.03723824392294134,0.126632841943923,0.015195944936742001
35,ENSG00000198089,SFI1,136,74,57,0.4603611443818057,0.1781976457015554,0.7715776738773041,0.3274983758839397,0.5801968060447752,B,-102.85138336686155,-103.06253630468996,0.4223058756568036,0.5157886939869822,12,,,exonic,8,49,6,36,0,8.480026233171909,4.0,0.075494979993437,0.0425139665071653,0.075494979993437,,"T cells, CD8+",0.653577411156861,0.2516499333114567,0.377474899967185,0.0850279330143306
36,ENSG00000099940,SNAP29,70,53,18,0.4819684330897199,0.3649189564822166,0.6077760993393594,0.48196843308972,0.48196843308972,B,-51.06122576947983,-51.09318379332502,0.0639160476903697,0.8004102229591945,1,,,exonic,12,6,9,4,0,0.2663685148159294,2.0,0.8753037960405897,0.0127757472733907,1.0,,B cells,0.8004102229591945,0.972559773378433,1.0,0.01596968409173837
37,ENSG00000099940,SNAP29,864,629,18,0.4388787521521108,0.3195077952588862,0.591498535999627,0.4388787521521108,0.4388787521521108,A,-691.9958827529974,-696.4746959155395,8.95762632508422,0.0027631367048406,1,0.0027631367048406,1.0,exonic,12,6,9,4,0,1.3008334179418504,1.0,0.2540610463461011,4.254211127407499e-26,0.9999999999999986,0.2540610463461011,Bulk,0.0055262734096812,0.3048732556153213,1.0,8.508422254814997e-26
38,ENSG00000099940,SNAP29,629,449,18,0.419499595091357,0.2994520162098876,0.5856205376725268,0.419499595091357,0.419499595091357,A,-515.1669909825018,-520.5410329190792,10.748083873154656,0.0010438734418669,1,,,exonic,12,6,9,4,0,5.23744845046642,1.0,0.0221056726152088,8.348675650009004e-26,1.0,,Monocytes,0.005219367209334499,0.0442113452304176,1.0,2.087168912502251e-25
39,ENSG00000099940,SNAP29,34,27,18,0.4960049157572541,0.3938862566307606,0.5997686095719371,0.4960049157572541,0.4960049157572541,B,-21.04346440923499,-21.044242498110496,0.0015561777510129,0.9685328772565212,1,,,exonic,12,6,9,4,0,4.545414947573509,3.0,0.2082749741176857,0.0647941914522595,0.4296049100989884,,NK cells,0.9685328772565212,0.592749162942883,1.0,0.10799031908709916
40,ENSG00000099940,SNAP29,45,31,18,0.4465195819052173,0.3076023786458163,0.6187134897569275,0.4465195819052173,0.4465195819052173,B,-35.617336219031834,-35.775392975807286,0.3161135135509028,0.5739526959302037,1,,,exonic,12,6,9,4,0,2.5585818195951964,2.0,0.2782345238951892,0.0012762066665625,0.973665677678018,,"T cells, CD4+",0.5739526959302037,0.312639602989031,0.9999999999999996,0.0021270111109375003
41,ENSG00000099940,SNAP29,15,12,18,0.4059977080183207,0.3247981664146565,0.5247981664146566,0.4059977080183207,0.4059977080183207,A,-8.992289808591503,-9.19641200588316,0.4082443945833169,0.5228619289254888,1,,,exonic,12,6,9,4,0,2.217602716484041,4.0,0.6958079095034584,0.3025665145158413,0.8450645049168054,,"T cells, CD8+",0.653577411156861,0.7104849813070768,0.99369898272992,0.3782081431448016
42,ENSG00000100207,TCF20,382,161,50,0.4815054892018758,0.1639291062573009,0.8383238098909002,0.3889498049086269,0.6163956234678499,B,-174.6086051624757,-174.70713356820778,0.1970568114641651,0.6571070652568918,16,,,exonic,1,49,1,36,0,9.11632247198671,3.0,0.0277836342830725,2.868305805007622e-10,0.7530845005163032,,B cells,0.8004102229591945,0.04630605713845417,1.0,1.434152902503811e-09
43,ENSG00000100207,TCF20,1679,688,50,0.4861034830153127,0.1763344784774645,0.8274730637133065,0.4303278915169521,0.5789640610096538,B,,-706.6926079581707,,,16,,0.0,exonic,1,49,1,36,0,,,,,,,Bulk,,,,
44,ENSG00000100207,TCF20,723,294,50,0.4952899895252735,0.1492267618466538,0.84811986432178,0.3669760163779956,0.626498850015806,A,-292.3327869597674,-292.34446978519526,0.0233656508556805,0.8785100444202498,16,,,exonic,1,49,1,36,0,6.678054764361992,2.0,0.0354714411049881,0.0354714411049881,0.0356785488829526,,Monocytes,0.899754340745425,0.059119068508313506,0.11892849627650866,0.039412712338875666
45,ENSG00000100207,TCF20,109,42,50,0.420278256849415,0.1182009660854663,0.8876425394631807,0.3067596500789483,0.7084056381306356,B,-43.57022792073041,-44.05325907494848,0.9660623084361362,0.3256641950775527,16,,,exonic,1,49,1,36,0,3.124964300038982,4.0,0.5371350257796831,0.5371350257796831,0.7942941585728104,,NK cells,0.46523456439650385,0.6714187822246038,1.0,0.5371350257796831
46,ENSG00000100207,TCF20,210,88,50,0.4596244409095931,0.1465224986804977,0.862512909715089,0.3496559627602788,0.6719058072746443,B,-84.74935490262948,-85.00037758780232,0.5020453703456838,0.4786027802748547,16,,,exonic,1,49,1,36,0,9.712736770066392,5.0,0.0837961298875357,1.2752533480087968e-05,0.6908471529412644,,"T cells, CD4+",0.5739526959302037,0.13966021647922616,0.9117916503582185,4.2508444933626564e-05
47,ENSG00000100207,TCF20,87,27,50,0.4938318061357035,0.1001454418732427,0.9106915850719388,0.3226908682582265,0.7122284407873586,B,-27.935815094202727,-27.93773866225956,0.00384713611367,0.950542695383416,16,,,exonic,1,49,1,36,0,6.787333490220734,6.0,0.3409631501429765,0.0011901448277837,0.99369898272992,,"T cells, CD8+",0.9890684747889849,0.5682719169049609,0.99369898272992,0.003967149425945667
48,ENSG00000128294,TPST2,81,50,55,0.4382041926407822,0.2268337165575779,0.7499032683433751,0.3674706208232762,0.5948432947162676,B,-45.29310500172611,-45.64739512472566,0.7085802459991015,0.3999155390825099,17,,,exonic,6,49,5,40,0,6.373817801658212,5.0,0.2715246528090934,0.2715246528090934,0.3430806874454993,,B cells,0.7998310781650197,0.3394058160113667,0.5718011457424989,0.2715246528090934
49,ENSG00000128294,TPST2,1596,932,55,0.4915146963527328,0.2589609154799933,0.7256524732861508,0.4434566750065121,0.5301945787174858,B,,-874.2423085954094,,,17,,0.0,exonic,6,49,5,40,0,,,,,,,Bulk,,,,
50,ENSG00000128294,TPST2,1138,638,55,0.4974216013155997,0.2446872813904385,0.7515305901659756,0.4364484737026944,0.5568053473493421,B,-605.4810190907464,-605.4889535230348,0.0158688645767597,0.899754340745425,17,,,exonic,6,49,5,40,0,1.7000488181243718,3.0,0.636922942319847,2.7109571309848457e-42,1.0,,Monocytes,0.899754340745425,0.6382096909733255,1.0,9.036523769949486e-42
51,ENSG00000128294,TPST2,178,113,55,0.4868465178508596,0.2477473308761847,0.711287969562124,0.3902568574863794,0.5452146777173281,B,-109.99142315918694,-110.02927314388876,0.0756999694036437,0.7832115437904449,17,,,exonic,6,49,5,40,0,5.303180358902353,4.0,0.2575793525449423,2.443246387601293e-07,0.9995938556096288,,NK cells,0.8702350486560498,0.592749162942883,1.0,8.144154625337644e-07
52,ENSG00000128294,TPST2,28,22,55,0.3326332149029264,0.2547831890529792,0.8344144349876806,0.3242695133401554,0.7892547354388663,A,-17.418721860761686,-18.565600171123027,2.2937566207226823,0.1298951940674201,17,,,exonic,6,49,5,40,0,11.5633531494689,5.0,0.0412862783117435,0.0165875608135427,0.2078470670024831,,"T cells, CD4+",0.18844999307215698,0.082572556623487,0.4156941340049662,0.018430623126158556
53,ENSG00000128294,TPST2,19,9,55,0.2572586704295332,0.1218593702034631,0.8604576317908753,0.2572586704295332,0.705410556002959,B,-11.078311844380911,-11.968815133446624,1.7810065781314215,0.1820257730083286,17,,,exonic,6,49,5,40,0,5.432694000108083,8.0,0.7104849813070768,0.54018103394693,0.836106137438818,,"T cells, CD8+",0.6067525766944286,0.7104849813070768,0.99369898272992,0.54018103394693
54,ENSG00000185651,UBE2L3,836,245,24,0.4701606497660205,0.1040966170732756,0.9054850142619152,0.3552031505030957,0.6774917221345353,B,-245.8569310767087,-246.2662814752308,0.8187007970442437,0.3655602962412028,8,,,intron_snv_only,0,24,0,19,0,29.900912080669013,4.0,5.127108926942345e-06,8.51534930300558e-103,0.1382182135194927,,B cells,0.7998310781650197,3.205315336550788e-05,0.4226137355072195,8.51534930300558e-102
55,ENSG00000185651,UBE2L3,4459,809,24,0.4909558470812664,0.0691681426989976,0.9370284070570732,0.381237018905847,0.6529167701699496,B,,-822.0273123072695,,,8,,0.0,intron_snv_only,0,24,0,19,0,,,,,,,Bulk,,,,
56,ENSG00000185651,UBE2L3,2426,378,24,0.4596413956325648,0.0554213727287338,0.93787376171922,0.3556937837034606,0.6012744601344644,A,-393.9385542437187,-395.0780220525886,2.278935617739762,0.1311418463993558,8,,,intron_snv_only,0,24,0,19,0,55.4331572710058,7.0,1.2234773548095521e-09,2.592472609065777e-231,0.6653601162938427,,Monocytes,0.21856974399892634,1.223477354809552e-08,1.0,1.2962363045328884e-230
57,ENSG00000185651,UBE2L3,280,54,24,0.4226322901837841,0.0783040965413638,0.9323896130536212,0.4060212413255905,0.6494276232409988,B,-49.76156850440765,-50.38948869290702,1.2558403769987478,0.2624399215458133,8,,,intron_snv_only,0,24,0,19,0,2.562073573971048,4.0,0.6335561071303373,1.9062114266293286e-40,0.9990123127156492,,NK cells,0.4373998692430222,0.7039512301448192,1.0,1.9062114266293286e-39
58,ENSG00000185651,UBE2L3,289,55,24,0.3315991605435012,0.0563497802582027,0.945952661694604,0.2960924817203743,0.7160058041771015,B,-52.23172067979843,-55.174383276401514,5.885325193206171,0.0152675777876122,8,,,intron_snv_only,0,24,0,19,0,6.263954635737044,5.0,0.2813756426901279,2.700040550375439e-38,0.695039346188528,,"T cells, CD4+",0.05089192595870733,0.312639602989031,0.9117916503582185,2.700040550375439e-37
59,ENSG00000185651,UBE2L3,119,22,24,0.3993113154791008,0.0364256030720807,0.9635743969279192,0.1970293984353458,0.8029706015646542,B,-18.510145832632567,-18.932087773873523,0.8438838824819115,0.3582883358379701,8,,,intron_snv_only,0,24,0,19,0,13.104162240293352,5.0,0.0224219646166869,1.882369980753552e-12,0.9800878772935818,,"T cells, CD8+",0.653577411156861,0.11210982308343449,0.99369898272992,1.8823699807535518e-11
